Epoch,Joint,Rec,KLD
1,5835535.785,5938.714,133677.927
2,4890.572,5.000,76.564
3,590.404,0.608,2.641
4,609.406,0.628,2.941
5,490.172,0.506,1.388
6,478.762,0.495,1.166
7,463.941,0.480,1.163
8,459.028,0.475,1.117
9,458.287,0.474,1.166
10,453.977,0.470,1.221
11,451.507,0.467,1.266
12,448.820,0.465,1.316
13,447.039,0.463,1.334
14,444.146,0.460,1.360
15,442.110,0.458,1.362
16,438.779,0.455,1.369
17,435.898,0.452,1.391
18,432.286,0.449,1.380
19,428.929,0.445,1.352
20,426.204,0.443,1.325
21,424.470,0.441,1.303
22,420.724,0.437,1.316
23,417.513,0.434,1.383
24,414.250,0.431,1.470
25,410.889,0.427,1.472
26,406.824,0.423,1.520
27,402.522,0.419,1.567
28,400.220,0.416,1.585
29,396.600,0.413,1.586
30,392.979,0.409,1.591
31,389.280,0.406,1.581
32,387.787,0.404,1.580
33,384.889,0.401,1.562
34,382.618,0.399,1.572
35,379.748,0.396,1.574
36,378.774,0.395,1.576
37,378.715,0.395,1.592
38,375.994,0.393,1.565
39,380.386,0.397,1.743
40,374.335,0.391,1.687
41,374.704,0.392,1.625
42,373.716,0.391,1.597
43,371.136,0.388,1.598
44,370.273,0.387,1.578
45,370.049,0.387,1.604
46,367.754,0.385,1.579
47,366.553,0.384,1.575
48,366.392,0.384,1.568
49,364.709,0.382,1.547
50,363.695,0.381,1.559
51,362.662,0.381,1.520
52,362.157,0.380,1.525
53,361.000,0.379,1.514
54,360.960,0.379,1.515
55,360.991,0.379,1.496
56,358.201,0.377,1.509
57,356.880,0.375,1.491
58,355.720,0.374,1.481
59,357.031,0.376,1.507
60,355.250,0.374,1.483
61,353.299,0.372,1.481
62,352.846,0.372,1.472
63,352.146,0.371,1.486
64,350.069,0.369,1.461
65,348.817,0.368,1.491
66,348.554,0.368,1.490
67,348.174,0.367,1.471
68,347.264,0.367,1.480
69,344.957,0.364,1.471
70,345.601,0.365,1.457
71,343.759,0.363,1.453
72,343.069,0.363,1.467
73,340.964,0.361,1.480
74,339.519,0.359,1.480
75,340.291,0.360,1.465
76,340.130,0.360,1.446
77,339.931,0.360,1.466
78,338.929,0.359,1.433
79,337.218,0.358,1.427
80,336.546,0.357,1.450
81,335.925,0.356,1.435
82,334.530,0.355,1.428
83,334.534,0.355,1.429
84,335.287,0.356,1.417
85,334.216,0.355,1.403
86,333.454,0.354,1.415
87,331.325,0.352,1.401
88,330.778,0.352,1.408
89,331.016,0.352,1.399
90,329.248,0.350,1.425
91,329.839,0.351,1.402
92,328.469,0.350,1.391
93,328.064,0.350,1.385
94,327.598,0.349,1.380
95,328.051,0.350,1.378
96,326.978,0.349,1.387
97,325.753,0.348,1.385
98,325.330,0.348,1.358
99,323.999,0.346,1.368
100,323.779,0.346,1.385
101,323.216,0.346,1.358
102,321.726,0.344,1.363
103,323.038,0.346,1.360
104,321.411,0.344,1.362
105,322.294,0.345,1.356
106,322.022,0.345,1.330
107,320.220,0.343,1.354
108,320.008,0.343,1.354
109,319.784,0.343,1.328
110,318.452,0.342,1.357
111,318.654,0.342,1.346
112,317.643,0.341,1.335
113,317.795,0.341,1.333
114,317.283,0.341,1.327
115,316.145,0.340,1.296
116,316.114,0.340,1.318
117,314.052,0.338,1.319
118,314.752,0.339,1.320
119,314.040,0.338,1.310
120,313.044,0.337,1.293
121,313.008,0.337,1.288
122,312.639,0.337,1.293
123,314.941,0.340,1.278
124,311.676,0.336,1.282
125,310.957,0.336,1.280
126,311.291,0.336,1.274
127,310.260,0.335,1.267
128,310.291,0.336,1.261
129,312.085,0.338,1.259
130,309.821,0.335,1.253
131,309.143,0.335,1.267
132,311.850,0.338,1.249
133,307.305,0.333,1.252
134,308.483,0.334,1.239
135,307.782,0.334,1.247
136,307.848,0.334,1.238
137,308.443,0.335,1.298
138,307.522,0.334,1.248
139,306.343,0.333,1.247
140,307.475,0.334,1.233
141,305.882,0.333,1.224
142,303.988,0.331,1.241
143,303.867,0.331,1.216
144,303.931,0.331,1.230
145,303.113,0.330,1.231
146,303.567,0.331,1.232
147,305.069,0.333,1.202
148,302.428,0.330,1.211
149,301.855,0.329,1.209
150,301.388,0.329,1.200
151,300.122,0.328,1.202
152,300.268,0.328,1.207
153,298.964,0.327,1.186
154,300.694,0.329,1.193
155,299.864,0.328,1.195
156,299.615,0.328,1.184
157,298.399,0.327,1.179
158,298.349,0.327,1.175
159,297.681,0.326,1.182
160,299.391,0.328,1.175
161,297.711,0.326,1.181
162,299.136,0.328,1.174
163,297.451,0.326,1.188
164,296.909,0.326,1.174
165,297.555,0.327,1.156
166,295.988,0.325,1.172
167,296.354,0.326,1.184
168,294.652,0.324,1.163
169,296.373,0.326,1.168
170,293.838,0.324,1.148
171,294.864,0.325,1.143
172,293.790,0.324,1.156
173,295.550,0.326,1.152
174,294.055,0.324,1.156
175,295.177,0.326,1.146
176,291.807,0.322,1.141
177,291.862,0.322,1.137
178,292.039,0.323,1.127
179,290.019,0.321,1.132
180,294.298,0.326,1.131
181,291.875,0.323,1.128
182,289.795,0.321,1.134
183,292.935,0.325,1.104
184,291.475,0.323,1.111
185,289.900,0.321,1.114
186,288.994,0.320,1.113
187,289.800,0.321,1.112
188,287.958,0.320,1.101
189,287.403,0.319,1.109
190,287.267,0.319,1.100
191,288.465,0.321,1.100
192,287.803,0.320,1.094
193,288.190,0.321,1.107
194,290.745,0.324,1.083
195,285.820,0.318,1.089
196,286.221,0.319,1.085
197,286.693,0.320,1.080
198,285.717,0.319,1.077
199,285.834,0.319,1.076
200,283.798,0.317,1.073
201,284.354,0.317,1.073
202,286.056,0.319,1.083
203,284.364,0.318,1.071
204,283.226,0.317,1.068
205,283.556,0.317,1.062
206,283.669,0.317,1.067
207,282.191,0.316,1.069
208,283.043,0.317,1.051
209,281.504,0.316,1.045
210,281.402,0.316,1.033
211,280.782,0.315,1.055
212,282.648,0.317,1.040
213,281.682,0.316,1.033
214,279.671,0.314,1.037
215,283.111,0.318,1.038
216,281.064,0.316,1.036
217,279.776,0.315,1.020
218,279.955,0.315,1.033
219,279.566,0.315,1.032
220,279.895,0.315,1.014
221,279.991,0.316,1.016
222,279.884,0.316,1.022
223,278.963,0.315,1.003
224,280.089,0.316,1.013
225,278.679,0.315,1.002
226,277.653,0.314,1.004
227,277.052,0.313,1.005
228,277.400,0.314,0.990
229,278.387,0.315,0.992
230,278.794,0.316,0.997
231,277.380,0.314,1.001
232,276.470,0.313,0.993
233,275.135,0.312,0.982
234,275.401,0.312,0.979
235,275.752,0.313,0.961
236,277.746,0.316,0.964
237,274.511,0.312,0.975
238,274.359,0.312,0.974
239,274.736,0.313,0.954
240,274.142,0.312,0.964
241,274.246,0.312,0.965
242,273.966,0.312,0.968
243,273.632,0.312,0.951
244,273.596,0.312,0.954
245,273.102,0.312,0.946
246,273.878,0.313,0.953
247,272.421,0.311,0.946
248,272.456,0.311,0.943
249,271.462,0.310,0.952
250,271.549,0.311,0.945
251,270.554,0.309,0.948
252,271.091,0.310,0.936
253,271.476,0.311,0.927
254,270.313,0.310,0.921
255,269.366,0.309,0.930
256,270.384,0.310,0.912
257,269.476,0.309,0.923
258,269.834,0.310,0.915
259,268.158,0.308,0.926
260,270.141,0.311,0.917
261,270.192,0.311,0.902
262,269.413,0.310,0.903
263,269.031,0.310,0.911
264,269.854,0.311,0.910
265,268.573,0.310,0.902
266,267.511,0.309,0.896
267,267.310,0.308,0.901
268,267.548,0.309,0.887
269,267.834,0.309,0.894
270,267.973,0.310,0.893
271,267.157,0.309,0.881
272,266.606,0.308,0.889
273,266.720,0.309,0.881
274,268.638,0.311,0.882
275,266.207,0.308,0.876
276,264.983,0.307,0.881
277,265.827,0.308,0.868
278,265.234,0.308,0.873
279,266.835,0.310,0.869
280,267.642,0.311,0.863
281,267.325,0.311,0.867
282,266.766,0.310,0.869
283,263.438,0.306,0.862
284,264.018,0.307,0.861
285,264.136,0.307,0.875
286,263.921,0.308,0.858
287,264.469,0.308,0.857
288,265.384,0.310,0.843
289,263.772,0.308,0.843
290,263.274,0.307,0.849
291,263.791,0.308,0.852
292,268.871,0.315,0.842
293,262.305,0.307,0.851
294,262.057,0.307,0.851
295,265.865,0.312,0.830
296,262.650,0.308,0.839
297,261.401,0.306,0.828
298,260.044,0.305,0.836
299,260.847,0.306,0.824
300,262.723,0.308,0.828
301,261.356,0.307,0.828
302,260.558,0.306,0.817
303,263.617,0.310,0.819
304,258.898,0.305,0.818
305,259.518,0.305,0.818
306,259.919,0.306,0.814
307,260.046,0.307,0.795
308,258.494,0.305,0.812
309,259.384,0.306,0.806
310,259.936,0.307,0.809
311,258.425,0.305,0.806
312,258.978,0.306,0.805
313,258.713,0.306,0.803
314,258.770,0.306,0.788
315,259.145,0.307,0.804
316,257.224,0.305,0.785
317,258.455,0.306,0.792
318,259.684,0.308,0.790
319,257.011,0.305,0.786
320,256.697,0.305,0.788
321,259.263,0.308,0.779
322,257.886,0.306,0.788
323,255.915,0.304,0.785
324,256.153,0.305,0.782
325,255.774,0.304,0.784
326,257.701,0.307,0.772
327,255.540,0.305,0.765
328,253.805,0.302,0.768
329,255.861,0.305,0.772
330,255.917,0.305,0.764
331,255.558,0.305,0.770
332,255.997,0.306,0.768
333,254.746,0.304,0.767
334,254.515,0.304,0.766
335,255.134,0.305,0.764
336,254.298,0.305,0.752
337,253.294,0.303,0.757
338,255.687,0.307,0.752
339,253.285,0.304,0.749
340,253.343,0.304,0.743
341,253.835,0.305,0.745
342,251.587,0.302,0.748
343,254.041,0.305,0.737
344,252.674,0.304,0.746
345,253.955,0.305,0.751
346,251.521,0.303,0.738
347,252.459,0.304,0.739
348,252.919,0.305,0.735
349,251.758,0.304,0.729
350,252.881,0.305,0.730
351,252.391,0.305,0.729
352,250.919,0.303,0.724
353,249.710,0.302,0.727
354,250.253,0.303,0.724
355,249.954,0.302,0.721
356,250.242,0.303,0.721
357,250.301,0.303,0.710
358,250.152,0.303,0.713
359,249.461,0.303,0.715
360,251.766,0.306,0.718
361,248.735,0.302,0.713
362,250.809,0.305,0.714
363,249.468,0.303,0.706
364,248.548,0.302,0.709
365,247.694,0.301,0.705
366,247.848,0.302,0.706
367,249.673,0.304,0.697
368,248.884,0.304,0.692
369,248.260,0.303,0.705
370,249.394,0.305,0.692
371,247.380,0.302,0.699
372,246.886,0.302,0.695
373,246.151,0.301,0.701
374,247.263,0.302,0.689
375,246.768,0.302,0.685
376,245.876,0.301,0.688
377,245.153,0.300,0.682
378,245.634,0.301,0.687
379,245.673,0.301,0.680
380,246.620,0.303,0.678
381,246.404,0.303,0.677
382,244.779,0.301,0.680
383,245.184,0.301,0.677
384,245.861,0.303,0.672
385,244.007,0.300,0.668
386,246.013,0.303,0.669
387,245.444,0.303,0.667
388,245.563,0.303,0.670
389,243.125,0.300,0.663
390,243.616,0.301,0.665
391,243.830,0.301,0.668
392,243.413,0.301,0.660
393,243.617,0.301,0.653
394,245.118,0.303,0.659
395,244.062,0.302,0.668
396,242.209,0.300,0.656
397,243.383,0.302,0.658
398,242.010,0.300,0.655
399,242.640,0.301,0.657
400,243.671,0.303,0.651
401,240.939,0.299,0.651
402,244.390,0.304,0.652
403,243.077,0.303,0.639
404,241.563,0.301,0.648
405,242.651,0.302,0.644
406,240.769,0.300,0.650
407,241.312,0.301,0.646
408,241.421,0.301,0.633
409,240.557,0.300,0.641
410,240.884,0.301,0.630
411,239.796,0.300,0.633
412,239.746,0.300,0.625
413,239.756,0.300,0.633
414,239.720,0.300,0.628
415,239.046,0.300,0.626
416,240.337,0.301,0.624
417,238.789,0.299,0.637
418,238.351,0.299,0.630
419,237.702,0.298,0.627
420,239.378,0.301,0.612
421,240.157,0.302,0.623
422,239.512,0.301,0.619
423,240.264,0.303,0.614
424,238.101,0.300,0.622
425,236.991,0.298,0.631
426,237.262,0.299,0.624
427,237.831,0.300,0.612
428,236.610,0.299,0.614
429,236.950,0.299,0.613
430,237.854,0.301,0.608
431,237.421,0.300,0.608
432,236.072,0.299,0.608
433,240.816,0.305,0.603
434,236.712,0.300,0.610
435,236.991,0.300,0.604
436,235.546,0.299,0.602
437,235.006,0.298,0.608
438,235.124,0.299,0.597
439,235.623,0.300,0.595
440,236.307,0.301,0.591
441,234.468,0.298,0.597
442,235.547,0.300,0.595
443,235.018,0.299,0.591
444,234.861,0.299,0.595
445,234.832,0.299,0.595
446,235.055,0.300,0.593
447,234.422,0.299,0.588
448,237.064,0.303,0.581
449,233.415,0.298,0.585
450,232.861,0.298,0.584
451,234.941,0.301,0.581
452,232.871,0.298,0.584
453,233.424,0.299,0.583
454,233.496,0.299,0.589
455,232.554,0.298,0.577
456,234.200,0.301,0.572
457,233.180,0.300,0.580
458,231.664,0.298,0.582
459,231.015,0.297,0.573
460,231.651,0.298,0.568
461,231.068,0.298,0.573
462,231.975,0.299,0.570
463,230.966,0.298,0.570
464,230.911,0.298,0.568
465,229.793,0.297,0.572
466,231.535,0.299,0.569
467,229.140,0.296,0.566
468,231.010,0.299,0.561
469,228.481,0.296,0.565
470,230.041,0.298,0.562
471,229.854,0.298,0.562
472,230.616,0.299,0.560
473,230.205,0.299,0.565
474,229.884,0.298,0.559
475,229.608,0.298,0.555
476,228.861,0.297,0.555
477,228.401,0.297,0.552
478,233.394,0.304,0.550
479,228.094,0.297,0.551
480,228.355,0.298,0.552
481,230.654,0.301,0.551
482,227.186,0.296,0.553
483,227.350,0.297,0.554
484,228.359,0.298,0.544
485,229.119,0.299,0.549
486,227.152,0.297,0.551
487,227.948,0.298,0.545
488,227.415,0.298,0.539
489,227.936,0.299,0.541
490,227.110,0.298,0.544
491,228.074,0.299,0.536
492,226.605,0.297,0.543
493,228.574,0.300,0.535
494,227.771,0.299,0.536
495,228.122,0.300,0.530
496,227.863,0.300,0.537
497,225.161,0.296,0.534
498,225.221,0.297,0.538
499,224.328,0.296,0.535
500,225.379,0.297,0.531
501,223.844,0.295,0.532
502,223.869,0.296,0.532
503,223.819,0.296,0.529
504,223.994,0.296,0.530
505,226.365,0.300,0.526
506,224.191,0.297,0.529
507,224.927,0.298,0.527
508,223.802,0.297,0.528
509,223.148,0.296,0.528
510,222.874,0.296,0.520
511,222.680,0.296,0.522
512,222.262,0.295,0.522
513,224.385,0.298,0.527
514,222.066,0.295,0.526
515,221.489,0.295,0.518
516,222.002,0.296,0.521
517,224.972,0.300,0.521
518,222.565,0.297,0.519
519,221.656,0.296,0.518
520,220.711,0.295,0.514
521,221.099,0.295,0.519
522,221.448,0.296,0.513
523,222.954,0.298,0.511
524,221.413,0.296,0.512
525,220.849,0.296,0.509
526,220.424,0.295,0.511
527,220.218,0.295,0.508
528,219.595,0.295,0.507
529,221.273,0.297,0.502
530,221.345,0.298,0.506
531,220.285,0.296,0.514
532,221.270,0.298,0.508
533,220.078,0.296,0.509
534,220.185,0.297,0.505
535,220.212,0.297,0.498
536,221.799,0.299,0.506
537,219.254,0.296,0.506
538,219.021,0.296,0.500
539,217.668,0.294,0.499
540,218.162,0.295,0.495
541,217.163,0.294,0.498
542,218.085,0.295,0.497
543,218.658,0.296,0.497
544,218.083,0.296,0.495
545,217.573,0.295,0.498
546,217.158,0.295,0.490
547,216.634,0.294,0.491
548,217.897,0.296,0.494
549,216.926,0.295,0.492
550,215.781,0.294,0.489
551,216.920,0.295,0.491
552,216.261,0.295,0.486
553,215.548,0.294,0.487
554,216.086,0.295,0.493
555,217.546,0.297,0.487
556,214.872,0.294,0.489
557,214.495,0.293,0.487
558,215.245,0.295,0.485
559,216.018,0.296,0.483
560,216.516,0.297,0.488
561,216.034,0.296,0.488
562,215.797,0.296,0.483
563,214.542,0.294,0.488
564,215.103,0.295,0.486
565,215.198,0.296,0.478
566,214.207,0.295,0.481
567,213.939,0.294,0.477
568,213.661,0.294,0.479
569,214.077,0.295,0.480
570,214.988,0.297,0.476
571,213.257,0.294,0.473
572,213.498,0.295,0.478
573,213.085,0.294,0.476
574,213.121,0.295,0.474
575,214.025,0.296,0.476
576,214.822,0.297,0.479
577,213.045,0.295,0.473
578,211.635,0.293,0.473
579,213.264,0.296,0.470
580,212.710,0.295,0.471
581,211.860,0.294,0.473
582,211.562,0.294,0.473
583,212.750,0.296,0.470
584,211.629,0.294,0.473
585,210.544,0.293,0.468
586,211.442,0.295,0.465
587,213.171,0.297,0.467
588,210.212,0.293,0.467
589,211.266,0.295,0.463
590,211.042,0.295,0.473
591,209.291,0.292,0.466
592,209.102,0.292,0.462
593,209.115,0.292,0.468
594,209.573,0.293,0.465
595,209.163,0.293,0.462
596,209.032,0.293,0.461
597,208.869,0.293,0.461
598,209.927,0.295,0.458
599,209.347,0.294,0.459
600,208.184,0.293,0.462
601,207.864,0.292,0.460
602,207.702,0.292,0.460
603,207.567,0.292,0.458
604,207.477,0.293,0.454
605,207.974,0.293,0.461
606,206.988,0.292,0.455
607,207.574,0.293,0.457
608,206.885,0.292,0.452
609,207.402,0.293,0.449
610,209.521,0.297,0.455
611,207.796,0.294,0.455
612,206.187,0.292,0.449
613,206.179,0.292,0.453
614,207.855,0.295,0.450
615,205.374,0.291,0.455
616,206.057,0.293,0.449
617,206.998,0.294,0.453
618,205.967,0.293,0.452
619,205.152,0.292,0.450
620,204.756,0.292,0.447
621,206.064,0.294,0.449
622,205.674,0.293,0.447
623,204.510,0.292,0.448
624,205.241,0.293,0.451
625,204.319,0.292,0.445
626,204.261,0.292,0.447
627,203.486,0.291,0.450
628,205.261,0.294,0.441
629,203.444,0.291,0.444
630,203.298,0.291,0.443
631,206.304,0.296,0.442
632,204.838,0.294,0.440
633,203.352,0.292,0.442
634,204.423,0.294,0.441
635,203.721,0.293,0.444
636,202.654,0.292,0.444
637,202.826,0.292,0.443
638,203.634,0.294,0.442
639,204.105,0.295,0.440
640,202.629,0.292,0.440
641,201.528,0.291,0.444
642,201.431,0.291,0.438
643,206.322,0.299,0.437
644,203.294,0.294,0.440
645,201.975,0.293,0.433
646,200.790,0.291,0.437
647,201.166,0.292,0.438
648,200.705,0.291,0.434
649,200.576,0.291,0.434
650,200.058,0.291,0.433
651,201.022,0.292,0.437
652,200.373,0.292,0.434
653,200.144,0.291,0.435
654,199.453,0.291,0.429
655,199.311,0.291,0.430
656,199.694,0.291,0.430
657,200.943,0.293,0.431
658,199.022,0.291,0.430
659,198.916,0.291,0.428
660,199.428,0.292,0.432
661,199.261,0.292,0.430
662,199.873,0.293,0.428
663,199.371,0.292,0.427
664,198.018,0.290,0.427
665,198.041,0.291,0.426
666,199.404,0.293,0.426
667,198.422,0.292,0.427
668,199.068,0.293,0.425
669,197.415,0.291,0.424
670,197.943,0.292,0.423
671,197.085,0.290,0.429
672,197.818,0.292,0.423
673,197.465,0.292,0.420
674,197.381,0.292,0.421
675,196.796,0.291,0.426
676,196.738,0.291,0.419
677,195.542,0.289,0.423
678,197.703,0.293,0.424
679,196.918,0.292,0.418
680,197.319,0.293,0.421
681,195.755,0.291,0.420
682,195.848,0.291,0.417
683,195.422,0.290,0.419
684,196.139,0.292,0.416
685,196.364,0.292,0.417
686,195.640,0.291,0.417
687,194.573,0.290,0.413
688,195.811,0.292,0.413
689,195.104,0.291,0.415
690,194.060,0.290,0.415
691,194.872,0.291,0.415
692,194.540,0.291,0.417
693,195.054,0.292,0.413
694,193.177,0.289,0.417
695,195.334,0.293,0.409
696,194.132,0.291,0.413
697,194.561,0.292,0.412
698,194.551,0.292,0.415
699,193.210,0.290,0.412
700,193.231,0.291,0.410
701,193.937,0.292,0.406
702,193.107,0.291,0.411
703,193.473,0.292,0.412
704,191.771,0.289,0.407
705,191.389,0.289,0.409
706,191.615,0.289,0.408
707,191.755,0.290,0.405
708,192.944,0.292,0.406
709,192.116,0.291,0.408
710,192.163,0.291,0.404
711,192.023,0.291,0.405
712,193.624,0.294,0.409
713,192.425,0.292,0.403
714,191.880,0.292,0.403
715,190.825,0.290,0.405
716,191.363,0.291,0.404
717,190.752,0.290,0.403
718,191.177,0.291,0.399
719,190.473,0.290,0.402
720,190.204,0.290,0.399
721,189.996,0.290,0.402
722,189.091,0.289,0.402
723,190.653,0.292,0.400
724,190.016,0.291,0.398
725,189.597,0.290,0.399
726,189.334,0.290,0.400
727,190.155,0.292,0.397
728,190.699,0.293,0.399
729,189.803,0.292,0.398
730,189.318,0.291,0.396
731,187.975,0.289,0.400
732,188.152,0.290,0.395
733,189.086,0.291,0.396
734,189.303,0.292,0.398
735,188.895,0.292,0.392
736,187.636,0.290,0.395
737,187.696,0.290,0.398
738,187.604,0.290,0.394
739,187.600,0.290,0.396
740,186.413,0.288,0.394
741,187.041,0.290,0.394
742,186.316,0.289,0.395
743,187.841,0.291,0.394
744,187.366,0.291,0.391
745,187.003,0.291,0.389
746,185.843,0.289,0.388
747,187.258,0.291,0.390
748,186.960,0.291,0.391
749,185.949,0.290,0.391
750,186.205,0.290,0.386
751,186.827,0.292,0.388
752,186.453,0.291,0.388
753,184.993,0.289,0.385
754,185.308,0.290,0.390
755,185.242,0.290,0.386
756,186.465,0.292,0.383
757,184.897,0.290,0.385
758,185.363,0.291,0.386
759,184.222,0.289,0.388
760,184.710,0.290,0.389
761,184.875,0.290,0.390
762,184.622,0.290,0.385
763,184.122,0.290,0.384
764,183.825,0.290,0.383
765,184.401,0.291,0.384
766,183.313,0.289,0.388
767,184.538,0.292,0.379
768,182.476,0.288,0.380
769,182.839,0.289,0.381
770,183.054,0.290,0.381
771,183.371,0.291,0.378
772,183.178,0.290,0.379
773,181.824,0.288,0.381
774,182.441,0.290,0.379
775,181.832,0.289,0.380
776,181.285,0.288,0.379
777,182.028,0.290,0.374
778,181.490,0.289,0.379
779,182.598,0.291,0.377
780,181.123,0.289,0.379
781,181.583,0.290,0.377
782,181.178,0.289,0.375
783,180.867,0.289,0.374
784,180.733,0.289,0.377
785,183.040,0.293,0.377
786,180.189,0.288,0.380
787,179.843,0.288,0.377
788,180.539,0.290,0.376
789,181.642,0.292,0.377
790,180.150,0.289,0.371
791,181.273,0.292,0.374
792,179.162,0.288,0.373
793,180.644,0.291,0.373
794,178.724,0.288,0.376
795,178.601,0.288,0.375
796,179.345,0.289,0.370
797,181.414,0.293,0.371
798,179.592,0.290,0.370
799,178.107,0.288,0.372
800,178.494,0.289,0.372
801,179.173,0.290,0.371
802,178.864,0.290,0.372
803,178.308,0.289,0.373
804,178.416,0.290,0.368
805,177.660,0.289,0.367
806,177.715,0.289,0.368
807,177.826,0.289,0.368
808,176.479,0.287,0.369
809,178.566,0.291,0.364
810,178.290,0.291,0.366
811,178.021,0.291,0.368
812,177.406,0.290,0.367
813,177.117,0.289,0.369
814,176.862,0.289,0.366
815,176.333,0.289,0.364
816,176.170,0.289,0.366
817,176.801,0.290,0.364
818,175.520,0.288,0.363
819,175.454,0.288,0.365
820,176.011,0.289,0.363
821,176.558,0.290,0.363
822,176.151,0.290,0.361
823,175.300,0.289,0.363
824,174.619,0.288,0.363
825,175.171,0.289,0.362
826,175.619,0.290,0.362
827,174.542,0.288,0.360
828,174.386,0.288,0.360
829,177.687,0.294,0.358
830,174.854,0.290,0.359
831,175.192,0.290,0.361
832,173.718,0.288,0.361
833,172.817,0.287,0.361
834,173.588,0.288,0.360
835,174.036,0.290,0.355
836,173.230,0.288,0.355
837,174.495,0.291,0.359
838,173.179,0.289,0.358
839,173.072,0.288,0.361
840,172.842,0.288,0.361
841,173.622,0.290,0.359
842,173.805,0.291,0.356
843,172.972,0.290,0.354
844,174.137,0.292,0.354
845,172.192,0.289,0.353
846,172.077,0.289,0.354
847,171.537,0.288,0.357
848,171.153,0.287,0.355
849,171.692,0.289,0.353
850,171.335,0.288,0.356
851,170.771,0.288,0.352
852,170.550,0.287,0.349
853,170.941,0.288,0.354
854,172.209,0.291,0.351
855,170.562,0.288,0.352
856,169.774,0.287,0.352
857,170.252,0.288,0.353
858,170.485,0.289,0.352
859,170.149,0.288,0.352
860,171.496,0.291,0.350
861,169.484,0.288,0.348
862,169.073,0.287,0.348
863,169.710,0.288,0.350
864,169.361,0.288,0.349
865,170.465,0.290,0.348
866,169.281,0.288,0.349
867,169.002,0.288,0.351
868,169.345,0.289,0.346
869,168.481,0.288,0.347
870,168.197,0.287,0.349
871,168.152,0.288,0.349
872,168.279,0.288,0.347
873,167.718,0.287,0.346
874,169.123,0.290,0.343
875,167.934,0.288,0.349
876,167.574,0.288,0.345
877,167.616,0.288,0.345
878,168.019,0.289,0.346
879,167.451,0.288,0.344
880,167.242,0.288,0.344
881,167.026,0.288,0.348
882,165.767,0.286,0.347
883,166.183,0.287,0.345
884,167.651,0.290,0.343
885,166.679,0.288,0.344
886,167.663,0.290,0.345
887,166.005,0.288,0.343
888,167.005,0.290,0.340
889,165.502,0.287,0.343
890,166.157,0.289,0.340
891,165.779,0.288,0.344
892,166.966,0.291,0.341
893,165.472,0.288,0.342
894,165.140,0.288,0.340
895,164.095,0.286,0.338
896,164.228,0.287,0.339
897,164.218,0.287,0.341
898,166.121,0.291,0.338
899,165.318,0.289,0.341
900,164.391,0.288,0.341
901,163.864,0.287,0.340
902,163.913,0.288,0.337
903,163.800,0.288,0.339
904,163.966,0.288,0.338
905,163.047,0.287,0.335
906,163.623,0.288,0.337
907,163.801,0.289,0.338
908,164.911,0.291,0.336
909,163.670,0.289,0.334
910,163.115,0.288,0.335
911,164.104,0.290,0.335
912,162.650,0.288,0.336
913,162.451,0.288,0.337
914,161.864,0.287,0.336
915,161.733,0.287,0.337
916,162.045,0.287,0.337
917,163.285,0.290,0.332
918,161.350,0.287,0.334
919,162.420,0.289,0.332
920,161.459,0.287,0.334
921,161.743,0.288,0.335
922,161.838,0.289,0.329
923,161.498,0.289,0.329
924,162.041,0.290,0.331
925,160.997,0.288,0.332
926,161.683,0.289,0.334
927,161.084,0.289,0.330
928,160.940,0.288,0.334
929,160.656,0.288,0.333
930,160.894,0.289,0.331
931,161.528,0.290,0.333
932,160.087,0.288,0.330
933,160.585,0.289,0.325
934,159.594,0.288,0.328
935,160.499,0.290,0.328
936,159.423,0.288,0.328
937,160.504,0.290,0.329
938,159.201,0.288,0.327
939,158.798,0.287,0.329
940,159.084,0.288,0.327
941,160.068,0.290,0.328
942,158.271,0.287,0.328
943,158.134,0.287,0.326
944,158.023,0.287,0.328
945,158.929,0.289,0.325
946,158.820,0.289,0.327
947,158.045,0.288,0.327
948,157.031,0.286,0.327
949,160.076,0.292,0.326
950,157.178,0.287,0.327
951,157.701,0.288,0.327
952,157.433,0.288,0.322
953,156.947,0.288,0.324
954,157.668,0.289,0.323
955,157.471,0.289,0.324
956,156.960,0.288,0.323
957,157.753,0.290,0.322
958,157.060,0.289,0.325
959,157.225,0.290,0.322
960,155.595,0.287,0.325
961,156.204,0.288,0.321
962,155.630,0.287,0.320
963,155.852,0.288,0.322
964,155.558,0.288,0.319
965,154.817,0.287,0.320
966,155.732,0.288,0.322
967,156.777,0.291,0.319
968,156.360,0.290,0.323
969,155.268,0.288,0.319
970,154.786,0.288,0.322
971,155.596,0.290,0.320
972,154.034,0.287,0.320
973,154.254,0.288,0.318
974,153.917,0.287,0.320
975,153.870,0.287,0.316
976,154.130,0.288,0.317
977,153.844,0.288,0.317
978,153.827,0.288,0.316
979,153.287,0.287,0.318
980,153.565,0.288,0.316
981,152.836,0.287,0.317
982,153.606,0.289,0.316
983,154.208,0.290,0.319
984,152.688,0.287,0.316
985,152.415,0.287,0.314
986,152.070,0.287,0.315
987,152.394,0.288,0.317
988,151.888,0.287,0.317
989,152.622,0.289,0.314
990,152.531,0.289,0.313
991,151.950,0.288,0.315
992,151.725,0.287,0.317
993,151.250,0.287,0.314
994,150.753,0.286,0.312
995,151.436,0.288,0.315
996,151.477,0.288,0.314
997,151.436,0.288,0.314
998,151.187,0.288,0.312
999,150.159,0.286,0.311
1000,150.057,0.286,0.312
1001,150.337,0.287,0.312
1002,150.752,0.288,0.311
1003,150.427,0.287,0.312
1004,150.567,0.288,0.311
1005,149.648,0.286,0.311
1006,150.408,0.287,0.311
1007,149.922,0.286,0.311
1008,151.036,0.288,0.312
1009,150.319,0.287,0.313
1010,151.524,0.290,0.311
1011,150.732,0.288,0.312
1012,149.712,0.286,0.310
1013,149.825,0.286,0.312
1014,150.405,0.287,0.312
1015,149.862,0.286,0.312
1016,151.047,0.289,0.312
1017,149.417,0.285,0.310
1018,151.051,0.288,0.313
1019,150.165,0.287,0.311
1020,150.711,0.288,0.311
1021,150.085,0.287,0.312
1022,150.892,0.288,0.309
1023,151.268,0.289,0.311
1024,150.448,0.287,0.308
1025,149.859,0.286,0.310
1026,150.759,0.288,0.309
1027,151.212,0.289,0.312
1028,150.906,0.288,0.307
1029,151.062,0.289,0.309
1030,150.926,0.288,0.308
1031,150.147,0.287,0.310
1032,150.601,0.288,0.310
1033,150.180,0.287,0.310
1034,151.947,0.291,0.307
1035,150.680,0.288,0.310
1036,150.864,0.288,0.311
1037,150.767,0.288,0.307
1038,150.283,0.287,0.308
1039,150.341,0.287,0.310
1040,149.463,0.286,0.307
1041,150.772,0.288,0.306
1042,150.619,0.288,0.308
1043,150.786,0.288,0.307
1044,150.343,0.287,0.308
1045,150.460,0.288,0.306
1046,149.840,0.286,0.306
1047,150.507,0.288,0.307
1048,151.030,0.289,0.308
1049,151.139,0.289,0.306
1050,149.593,0.286,0.309
1051,150.094,0.287,0.306
1052,150.973,0.289,0.306
1053,150.679,0.288,0.304
1054,149.750,0.286,0.308
1055,149.171,0.285,0.307
1056,149.723,0.286,0.307
1057,150.073,0.287,0.306
1058,150.751,0.288,0.303
1059,149.528,0.286,0.306
1060,149.395,0.285,0.306
1061,150.304,0.287,0.306
1062,150.704,0.288,0.306
1063,150.099,0.287,0.306
1064,149.838,0.286,0.305
1065,149.401,0.286,0.305
1066,150.071,0.287,0.306
1067,150.286,0.288,0.303
1068,150.239,0.287,0.309
1069,149.538,0.286,0.303
1070,149.386,0.286,0.305
1071,149.512,0.286,0.306
1072,149.506,0.286,0.304
1073,150.316,0.287,0.305
1074,150.107,0.287,0.304
1075,149.763,0.286,0.303
1076,149.456,0.286,0.305
1077,149.359,0.285,0.305
1078,150.456,0.288,0.303
1079,149.940,0.287,0.304
1080,150.118,0.287,0.304
1081,149.609,0.286,0.303
1082,149.222,0.285,0.302
1083,150.159,0.287,0.304
1084,152.857,0.293,0.303
1085,149.438,0.286,0.304
1086,149.796,0.287,0.302
1087,149.933,0.287,0.301
1088,149.450,0.286,0.301
1089,151.436,0.290,0.302
1090,149.115,0.285,0.302
1091,149.580,0.286,0.302
1092,148.906,0.285,0.301
1093,149.390,0.286,0.300
1094,150.159,0.287,0.301
1095,148.757,0.284,0.303
1096,148.708,0.284,0.303
1097,149.601,0.286,0.303
1098,150.035,0.287,0.299
1099,149.540,0.286,0.302
1100,149.870,0.287,0.300
1101,149.831,0.287,0.300
1102,149.428,0.286,0.300
1103,149.823,0.287,0.300
1104,149.250,0.286,0.301
1105,150.787,0.289,0.302
1106,149.037,0.285,0.301
1107,149.270,0.286,0.298
1108,149.619,0.286,0.300
1109,149.780,0.287,0.300
1110,149.417,0.286,0.299
1111,150.246,0.288,0.298
1112,149.642,0.286,0.300
1113,150.234,0.288,0.300
1114,150.426,0.288,0.297
1115,149.504,0.286,0.297
1116,149.301,0.286,0.299
1117,149.425,0.286,0.301
1118,149.524,0.286,0.300
1119,149.644,0.287,0.298
1120,148.926,0.285,0.299
1121,149.936,0.287,0.299
1122,150.004,0.287,0.301
1123,149.623,0.286,0.300
1124,149.625,0.286,0.299
1125,149.962,0.287,0.297
1126,149.819,0.287,0.298
1127,149.285,0.286,0.297
1128,149.102,0.285,0.298
1129,149.145,0.286,0.296
1130,148.962,0.285,0.295
1131,149.232,0.286,0.294
1132,148.942,0.285,0.292
1133,149.188,0.286,0.294
1134,148.379,0.284,0.294
1135,148.598,0.285,0.295
1136,149.070,0.286,0.293
1137,149.496,0.287,0.293
1138,148.901,0.285,0.295
1139,149.278,0.286,0.294
1140,149.408,0.286,0.293
1141,148.662,0.285,0.294
1142,148.789,0.285,0.296
1143,150.051,0.288,0.292
1144,149.671,0.287,0.294
1145,148.640,0.285,0.293
1146,150.468,0.289,0.291
1147,149.154,0.286,0.292
1148,149.583,0.287,0.291
1149,148.760,0.285,0.293
1150,148.749,0.285,0.293
1151,148.645,0.285,0.291
1152,148.059,0.284,0.293
1153,149.349,0.286,0.291
1154,149.747,0.287,0.290
1155,148.210,0.284,0.290
1156,148.400,0.284,0.290
1157,148.677,0.285,0.290
1158,148.113,0.284,0.290
1159,147.818,0.283,0.290
1160,149.279,0.286,0.290
1161,148.637,0.285,0.290
1162,149.017,0.286,0.289
1163,148.231,0.284,0.288
1164,148.242,0.284,0.291
1165,149.159,0.286,0.288
1166,148.807,0.285,0.289
1167,148.889,0.286,0.288
1168,147.847,0.283,0.290
1169,147.962,0.284,0.290
1170,148.170,0.284,0.290
1171,148.433,0.285,0.290
1172,148.298,0.284,0.289
1173,147.827,0.283,0.292
1174,148.904,0.286,0.289
1175,149.440,0.287,0.288
1176,148.712,0.285,0.289
1177,149.055,0.286,0.287
1178,150.224,0.288,0.287
1179,148.883,0.286,0.289
1180,148.749,0.285,0.288
1181,148.797,0.285,0.289
1182,148.580,0.285,0.287
1183,148.868,0.286,0.286
1184,147.636,0.283,0.287
1185,148.565,0.285,0.288
1186,147.786,0.283,0.289
1187,147.980,0.284,0.288
1188,148.387,0.285,0.288
1189,149.077,0.286,0.289
1190,148.190,0.284,0.287
1191,149.133,0.286,0.285
1192,149.600,0.287,0.284
1193,148.545,0.285,0.287
1194,147.541,0.283,0.288
1195,148.666,0.285,0.287
1196,148.018,0.284,0.288
1197,148.523,0.285,0.286
1198,147.938,0.284,0.288
1199,148.960,0.286,0.285
1200,149.586,0.287,0.287
1201,148.194,0.284,0.287
1202,147.789,0.283,0.289
1203,147.589,0.283,0.287
1204,148.255,0.285,0.285
1205,147.740,0.283,0.286
1206,148.857,0.286,0.287
1207,148.188,0.284,0.287
1208,148.106,0.284,0.287
1209,148.960,0.286,0.285
1210,147.458,0.283,0.286
1211,148.789,0.286,0.286
1212,147.192,0.282,0.287
1213,148.294,0.285,0.286
1214,148.489,0.285,0.285
1215,150.059,0.288,0.286
1216,149.002,0.286,0.286
1217,147.791,0.284,0.286
1218,147.637,0.283,0.287
1219,147.893,0.284,0.287
1220,148.126,0.284,0.285
1221,147.442,0.283,0.288
1222,147.216,0.282,0.285
1223,147.834,0.284,0.287
1224,147.421,0.283,0.287
1225,147.656,0.283,0.285
1226,148.434,0.285,0.285
1227,147.942,0.284,0.285
1228,147.993,0.284,0.286
1229,147.883,0.284,0.286
1230,148.183,0.284,0.285
1231,149.326,0.287,0.286
1232,148.289,0.285,0.284
1233,147.915,0.284,0.284
1234,147.530,0.283,0.285
1235,147.628,0.283,0.284
1236,148.472,0.285,0.283
1237,147.562,0.283,0.284
1238,148.325,0.285,0.286
1239,148.032,0.284,0.285
1240,148.630,0.285,0.284
1241,148.639,0.285,0.286
1242,147.392,0.283,0.286
1243,147.509,0.283,0.286
1244,146.995,0.282,0.287
1245,147.540,0.283,0.284
1246,147.694,0.283,0.284
1247,148.596,0.285,0.283
1248,149.634,0.287,0.285
1249,147.647,0.283,0.283
1250,148.349,0.285,0.284
1251,147.109,0.282,0.283
1252,147.639,0.283,0.284
1253,147.580,0.283,0.285
1254,148.553,0.285,0.285
1255,148.032,0.284,0.283
1256,146.904,0.282,0.284
1257,147.517,0.283,0.285
1258,146.612,0.281,0.285
1259,148.196,0.284,0.285
1260,147.679,0.283,0.285
1261,147.166,0.282,0.286
1262,149.384,0.287,0.286
1263,147.468,0.283,0.285
1264,149.311,0.287,0.286
1265,147.020,0.282,0.285
1266,148.673,0.285,0.284
1267,147.369,0.283,0.286
1268,147.296,0.282,0.287
1269,147.146,0.282,0.286
1270,148.138,0.284,0.286
1271,148.106,0.284,0.283
1272,147.279,0.283,0.284
1273,147.583,0.283,0.285
1274,147.420,0.283,0.287
1275,146.952,0.282,0.284
1276,147.790,0.284,0.284
1277,148.360,0.285,0.283
1278,147.945,0.284,0.285
1279,146.935,0.282,0.284
1280,147.317,0.283,0.284
1281,147.311,0.283,0.286
1282,147.710,0.283,0.284
1283,146.706,0.281,0.286
1284,147.515,0.283,0.284
1285,148.519,0.285,0.287
1286,146.940,0.282,0.285
1287,147.304,0.283,0.281
1288,147.150,0.282,0.282
1289,148.048,0.284,0.282
1290,147.957,0.284,0.285
1291,147.998,0.284,0.286
1292,147.103,0.282,0.285
1293,146.885,0.282,0.283
1294,148.207,0.284,0.285
1295,147.652,0.283,0.284
1296,148.114,0.284,0.284
1297,147.115,0.282,0.285
1298,147.546,0.283,0.282
1299,147.590,0.283,0.286
1300,147.556,0.283,0.287
1301,147.227,0.282,0.285
1302,148.869,0.286,0.284
1303,147.296,0.283,0.283
1304,147.061,0.282,0.285
1305,148.127,0.284,0.284
1306,147.588,0.283,0.286
1307,147.156,0.282,0.285
1308,147.563,0.283,0.284
1309,148.186,0.284,0.283
1310,147.549,0.283,0.285
1311,146.830,0.282,0.285
1312,147.890,0.284,0.285
1313,147.058,0.282,0.287
1314,146.791,0.282,0.284
1315,147.114,0.282,0.284
1316,147.366,0.283,0.283
1317,148.185,0.285,0.283
1318,147.823,0.284,0.284
1319,147.719,0.283,0.285
1320,146.500,0.281,0.285
1321,146.362,0.281,0.285
1322,147.325,0.283,0.286
1323,147.331,0.283,0.286
1324,147.145,0.282,0.284
1325,147.423,0.283,0.284
1326,147.779,0.284,0.284
1327,146.701,0.281,0.283
1328,148.297,0.285,0.283
1329,147.514,0.283,0.284
1330,147.749,0.283,0.285
1331,146.682,0.281,0.285
1332,147.588,0.283,0.285
1333,147.436,0.283,0.285
1334,147.661,0.283,0.284
1335,148.062,0.284,0.286
1336,147.758,0.283,0.285
1337,147.106,0.282,0.284
1338,148.484,0.285,0.284
1339,147.391,0.283,0.284
1340,146.953,0.282,0.284
1341,147.312,0.283,0.284
1342,147.067,0.282,0.283
1343,147.707,0.283,0.284
1344,147.116,0.282,0.286
1345,147.026,0.282,0.284
1346,147.593,0.283,0.284
1347,147.531,0.283,0.286
1348,146.648,0.281,0.284
1349,147.110,0.282,0.285
1350,147.901,0.284,0.284
1351,148.753,0.286,0.284
1352,148.226,0.285,0.283
1353,147.571,0.283,0.285
1354,146.983,0.282,0.286
1355,147.018,0.282,0.286
1356,148.303,0.285,0.284
1357,146.565,0.281,0.285
1358,147.838,0.284,0.284
1359,147.918,0.284,0.286
1360,148.499,0.285,0.285
1361,147.047,0.282,0.283
1362,146.575,0.281,0.286
1363,146.930,0.282,0.285
1364,147.218,0.282,0.285
1365,146.821,0.282,0.286
1366,147.789,0.284,0.286
1367,146.208,0.280,0.285
1368,146.505,0.281,0.284
1369,148.177,0.285,0.283
1370,147.712,0.283,0.284
1371,147.638,0.283,0.282
1372,146.791,0.282,0.283
1373,147.135,0.282,0.285
1374,147.746,0.284,0.282
1375,147.516,0.283,0.283
1376,147.206,0.282,0.283
1377,146.769,0.282,0.284
1378,147.843,0.284,0.285
1379,147.260,0.282,0.287
1380,146.996,0.282,0.284
1381,147.357,0.283,0.284
1382,146.737,0.282,0.283
1383,146.112,0.280,0.284
1384,147.506,0.283,0.284
1385,147.012,0.282,0.283
1386,147.260,0.283,0.284
1387,146.257,0.281,0.284
1388,149.027,0.286,0.284
1389,146.481,0.281,0.283
1390,146.544,0.281,0.283
1391,148.555,0.285,0.285
1392,147.296,0.283,0.286
1393,147.326,0.283,0.287
1394,147.453,0.283,0.285
1395,146.628,0.281,0.284
1396,147.211,0.282,0.285
1397,146.715,0.281,0.284
1398,147.139,0.282,0.283
1399,146.187,0.280,0.283
1400,147.518,0.283,0.284
1401,146.117,0.280,0.283
1402,146.823,0.282,0.283
1403,147.754,0.284,0.283
1404,148.231,0.285,0.282
1405,148.791,0.286,0.285
1406,146.833,0.282,0.284
1407,146.601,0.281,0.285
1408,146.914,0.282,0.286
1409,146.800,0.282,0.283
1410,146.420,0.281,0.285
1411,147.352,0.283,0.284
1412,147.619,0.283,0.283
1413,146.771,0.281,0.286
1414,146.757,0.282,0.282
1415,147.295,0.283,0.283
1416,147.202,0.282,0.285
1417,146.838,0.282,0.284
1418,146.609,0.281,0.285
1419,146.605,0.281,0.285
1420,146.030,0.280,0.285
1421,147.408,0.283,0.284
1422,146.756,0.282,0.283
1423,146.663,0.281,0.284
1424,149.601,0.287,0.283
1425,146.848,0.282,0.285
1426,146.558,0.281,0.285
1427,146.763,0.281,0.285
1428,146.413,0.281,0.285
1429,146.729,0.281,0.285
1430,146.861,0.282,0.286
1431,146.725,0.281,0.285
1432,146.768,0.282,0.282
1433,146.943,0.282,0.284
1434,147.644,0.283,0.283
1435,146.286,0.281,0.284
1436,146.965,0.282,0.284
1437,147.976,0.284,0.283
1438,146.594,0.281,0.284
1439,146.275,0.281,0.282
1440,147.000,0.282,0.285
1441,146.634,0.281,0.288
1442,146.712,0.281,0.284
1443,146.183,0.280,0.284
1444,146.341,0.281,0.283
1445,147.743,0.284,0.282
1446,147.854,0.284,0.283
1447,146.704,0.281,0.283
1448,146.635,0.281,0.283
1449,146.986,0.282,0.285
1450,146.155,0.280,0.286
1451,147.752,0.284,0.284
1452,145.977,0.280,0.284
1453,146.838,0.282,0.286
1454,147.355,0.283,0.285
1455,146.749,0.281,0.285
1456,146.780,0.281,0.285
1457,146.285,0.281,0.283
1458,146.420,0.281,0.283
1459,146.742,0.281,0.286
1460,146.711,0.281,0.283
1461,146.717,0.281,0.286
1462,147.463,0.283,0.286
1463,147.305,0.283,0.284
1464,146.151,0.280,0.283
1465,146.372,0.281,0.284
1466,146.910,0.282,0.286
1467,146.633,0.281,0.286
1468,147.124,0.282,0.284
1469,147.308,0.282,0.287
1470,145.937,0.280,0.285
1471,146.632,0.281,0.285
1472,146.940,0.282,0.285
1473,146.738,0.281,0.285
1474,146.464,0.281,0.284
1475,146.677,0.281,0.282
1476,146.821,0.282,0.285
1477,145.881,0.280,0.286
1478,148.031,0.284,0.283
1479,146.355,0.281,0.286
1480,146.534,0.281,0.287
1481,146.674,0.281,0.287
1482,146.731,0.281,0.285
1483,146.843,0.282,0.284
1484,146.892,0.282,0.287
1485,146.866,0.282,0.285
1486,147.045,0.282,0.283
1487,146.522,0.281,0.285
1488,146.088,0.280,0.285
1489,146.706,0.281,0.285
1490,146.277,0.280,0.286
1491,146.477,0.281,0.284
1492,146.396,0.281,0.283
1493,145.989,0.280,0.284
1494,145.562,0.279,0.284
1495,146.520,0.281,0.284
1496,146.514,0.281,0.285
1497,146.964,0.282,0.286
1498,149.161,0.287,0.283
1499,146.105,0.280,0.287
1500,145.870,0.280,0.286
1501,146.265,0.280,0.285
1502,146.471,0.281,0.287
1503,146.355,0.280,0.287
1504,146.649,0.281,0.286
1505,147.493,0.283,0.285
1506,146.661,0.281,0.285
1507,146.024,0.280,0.283
1508,146.527,0.281,0.284
1509,146.343,0.281,0.285
1510,146.005,0.280,0.283
1511,147.747,0.283,0.286
1512,147.266,0.282,0.286
1513,146.245,0.280,0.285
1514,146.060,0.280,0.286
1515,148.279,0.284,0.287
1516,146.614,0.281,0.285
1517,146.974,0.282,0.285
1518,146.034,0.280,0.286
1519,146.932,0.282,0.285
1520,146.185,0.280,0.286
1521,147.291,0.283,0.285
1522,146.811,0.282,0.285
1523,145.564,0.279,0.285
1524,146.848,0.282,0.286
1525,147.741,0.284,0.285
1526,146.204,0.280,0.286
1527,146.474,0.281,0.284
1528,147.286,0.282,0.287
1529,146.809,0.281,0.287
1530,145.954,0.280,0.286
1531,145.761,0.279,0.286
1532,146.057,0.280,0.286
1533,146.707,0.281,0.285
1534,146.476,0.281,0.284
1535,145.993,0.280,0.285
1536,146.705,0.281,0.285
1537,146.082,0.280,0.284
1538,146.806,0.282,0.285
1539,145.889,0.280,0.285
1540,146.333,0.281,0.284
1541,146.241,0.280,0.286
1542,146.717,0.281,0.287
1543,145.809,0.280,0.284
1544,147.190,0.282,0.284
1545,147.473,0.283,0.285
1546,147.509,0.283,0.287
1547,146.838,0.281,0.288
1548,145.819,0.279,0.287
1549,146.793,0.282,0.285
1550,146.175,0.280,0.285
1551,146.021,0.280,0.286
1552,145.915,0.280,0.287
1553,145.998,0.280,0.287
1554,145.780,0.280,0.284
1555,146.314,0.281,0.285
1556,146.478,0.281,0.285
1557,147.601,0.283,0.286
1558,147.088,0.282,0.285
1559,145.874,0.280,0.285
1560,146.660,0.281,0.286
1561,146.004,0.280,0.286
1562,146.317,0.280,0.286
1563,145.939,0.280,0.283
1564,146.720,0.282,0.283
1565,146.470,0.281,0.285
1566,146.225,0.280,0.284
1567,146.444,0.281,0.284
1568,145.030,0.278,0.287
1569,146.120,0.280,0.285
1570,145.516,0.279,0.284
1571,145.526,0.279,0.283
1572,147.196,0.282,0.285
1573,146.487,0.281,0.286
1574,145.946,0.280,0.285
1575,146.020,0.280,0.284
1576,145.810,0.280,0.284
1577,146.739,0.281,0.285
1578,146.390,0.281,0.287
1579,146.835,0.282,0.285
1580,147.892,0.284,0.285
1581,146.621,0.281,0.286
1582,147.249,0.282,0.286
1583,145.857,0.279,0.287
1584,145.629,0.279,0.283
1585,146.517,0.281,0.286
1586,145.802,0.279,0.287
1587,145.954,0.280,0.287
1588,145.817,0.280,0.284
1589,146.340,0.281,0.282
1590,146.755,0.281,0.285
1591,146.653,0.281,0.285
1592,145.538,0.279,0.285
1593,145.974,0.280,0.286
1594,146.225,0.280,0.285
1595,145.753,0.279,0.286
1596,146.489,0.281,0.286
1597,146.150,0.280,0.285
1598,145.718,0.279,0.284
1599,146.026,0.280,0.286
1600,147.376,0.283,0.284
1601,146.615,0.281,0.285
1602,146.351,0.281,0.285
1603,145.879,0.280,0.284
1604,145.012,0.278,0.284
1605,145.972,0.280,0.283
1606,146.488,0.281,0.285
1607,146.009,0.280,0.285
1608,147.603,0.283,0.284
1609,145.497,0.279,0.285
1610,145.732,0.279,0.286
1611,146.420,0.281,0.286
1612,146.248,0.280,0.284
1613,145.538,0.279,0.284
1614,146.432,0.281,0.284
1615,146.713,0.282,0.282
1616,146.562,0.281,0.286
1617,145.946,0.280,0.286
1618,147.362,0.283,0.284
1619,146.903,0.282,0.284
1620,146.350,0.281,0.285
1621,146.341,0.281,0.286
1622,146.255,0.280,0.285
1623,146.289,0.281,0.284
1624,146.037,0.280,0.286
1625,145.494,0.279,0.285
1626,146.591,0.281,0.286
1627,146.050,0.280,0.286
1628,145.858,0.280,0.285
1629,147.019,0.282,0.286
1630,145.481,0.279,0.287
1631,145.767,0.279,0.285
1632,145.562,0.279,0.285
1633,145.260,0.278,0.286
1634,146.019,0.280,0.285
1635,146.134,0.280,0.286
1636,147.055,0.282,0.287
1637,146.359,0.281,0.285
1638,148.408,0.285,0.285
1639,145.652,0.279,0.286
1640,147.195,0.282,0.286
1641,146.222,0.280,0.285
1642,145.652,0.279,0.283
1643,145.846,0.280,0.286
1644,145.686,0.279,0.284
1645,146.849,0.282,0.286
1646,146.205,0.280,0.286
1647,145.498,0.279,0.285
1648,145.723,0.279,0.283
1649,145.812,0.279,0.286
1650,146.019,0.280,0.287
1651,145.598,0.279,0.284
1652,146.013,0.280,0.284
1653,146.608,0.281,0.284
1654,145.279,0.278,0.285
1655,146.700,0.281,0.284
1656,145.332,0.278,0.286
1657,146.061,0.280,0.287
1658,146.291,0.280,0.285
1659,147.301,0.283,0.286
1660,145.282,0.278,0.286
1661,146.338,0.281,0.285
1662,145.918,0.280,0.285
1663,146.427,0.281,0.283
1664,146.423,0.281,0.286
1665,146.079,0.280,0.287
1666,146.235,0.280,0.287
1667,145.980,0.280,0.286
1668,145.357,0.279,0.283
1669,147.244,0.282,0.285
1670,145.879,0.280,0.284
1671,145.076,0.278,0.285
1672,145.688,0.279,0.285
1673,145.890,0.280,0.282
1674,145.757,0.279,0.285
1675,145.388,0.279,0.287
1676,146.038,0.280,0.284
1677,145.322,0.279,0.284
1678,145.807,0.280,0.285
1679,145.278,0.278,0.285
1680,146.017,0.280,0.286
1681,146.015,0.280,0.285
1682,145.956,0.280,0.284
1683,145.692,0.279,0.285
1684,146.070,0.280,0.286
1685,145.932,0.280,0.286
1686,146.247,0.280,0.288
1687,145.769,0.279,0.286
1688,145.751,0.279,0.285
1689,146.025,0.280,0.287
1690,146.761,0.281,0.286
1691,145.502,0.279,0.286
1692,144.969,0.278,0.285
1693,144.786,0.277,0.286
1694,146.462,0.281,0.286
1695,145.955,0.280,0.284
1696,147.041,0.282,0.286
1697,145.576,0.279,0.287
1698,145.513,0.279,0.284
1699,145.614,0.279,0.283
1700,146.106,0.280,0.286
1701,145.539,0.279,0.285
1702,146.917,0.282,0.287
1703,145.883,0.280,0.288
1704,144.963,0.278,0.288
1705,146.674,0.281,0.284
1706,145.794,0.280,0.284
1707,145.380,0.279,0.287
1708,146.222,0.280,0.286
1709,144.627,0.277,0.286
1710,145.864,0.280,0.283
1711,145.936,0.280,0.285
1712,145.842,0.280,0.286
1713,145.352,0.279,0.286
1714,147.491,0.283,0.285
1715,147.012,0.282,0.285
1716,146.037,0.280,0.285
1717,146.021,0.280,0.285
1718,145.199,0.278,0.289
1719,146.626,0.281,0.287
1720,146.611,0.281,0.286
1721,145.939,0.280,0.287
1722,146.072,0.280,0.285
1723,145.608,0.279,0.287
1724,145.389,0.279,0.286
1725,146.354,0.281,0.284
1726,145.847,0.279,0.287
1727,146.687,0.281,0.286
1728,145.906,0.280,0.284
1729,145.638,0.279,0.284
1730,145.094,0.278,0.284
1731,146.561,0.281,0.286
1732,145.893,0.280,0.284
1733,145.235,0.278,0.285
1734,145.095,0.278,0.286
1735,145.576,0.279,0.286
1736,146.030,0.280,0.285
1737,146.901,0.282,0.285
1738,145.410,0.279,0.286
1739,145.445,0.279,0.285
1740,147.061,0.282,0.287
1741,145.210,0.278,0.286
1742,144.996,0.278,0.286
1743,147.394,0.283,0.287
1744,145.285,0.278,0.286
1745,145.843,0.279,0.287
1746,145.683,0.279,0.286
1747,146.963,0.282,0.285
1748,144.963,0.278,0.287
1749,145.161,0.278,0.287
1750,146.080,0.280,0.285
1751,145.175,0.278,0.286
1752,146.611,0.281,0.287
1753,145.966,0.280,0.286
1754,145.427,0.279,0.286
1755,144.249,0.276,0.285
1756,145.137,0.278,0.286
1757,145.344,0.279,0.285
1758,146.035,0.280,0.285
1759,146.086,0.280,0.285
1760,145.151,0.278,0.284
1761,146.234,0.280,0.286
1762,145.709,0.279,0.287
1763,147.157,0.282,0.289
1764,145.778,0.279,0.287
1765,145.291,0.278,0.285
1766,146.576,0.281,0.285
1767,145.031,0.278,0.286
1768,144.782,0.277,0.285
1769,145.711,0.279,0.286
1770,145.203,0.278,0.286
1771,145.875,0.280,0.286
1772,146.015,0.280,0.286
1773,144.944,0.278,0.284
1774,145.370,0.279,0.283
1775,146.323,0.281,0.286
1776,146.240,0.280,0.285
1777,145.416,0.279,0.286
1778,144.866,0.278,0.286
1779,145.768,0.279,0.284
1780,145.706,0.279,0.286
1781,144.788,0.277,0.286
1782,146.784,0.282,0.284
1783,145.397,0.279,0.285
1784,146.475,0.281,0.282
1785,146.006,0.280,0.285
1786,145.351,0.279,0.285
1787,145.973,0.280,0.285
1788,145.910,0.280,0.285
1789,145.854,0.280,0.285
1790,144.968,0.278,0.287
1791,145.710,0.279,0.286
1792,146.281,0.280,0.286
1793,144.889,0.278,0.285
1794,145.409,0.279,0.285
1795,145.814,0.280,0.285
1796,144.267,0.276,0.285
1797,144.902,0.278,0.284
1798,145.245,0.278,0.284
1799,146.313,0.280,0.286
1800,145.942,0.280,0.286
1801,145.708,0.279,0.285
1802,145.989,0.280,0.284
1803,145.589,0.279,0.285
1804,145.588,0.279,0.285
1805,144.919,0.278,0.286
1806,145.653,0.279,0.284
1807,144.699,0.277,0.285
1808,144.782,0.278,0.283
1809,146.157,0.280,0.285
1810,145.573,0.279,0.287
1811,146.950,0.282,0.285
1812,144.779,0.277,0.286
1813,145.423,0.279,0.286
1814,145.833,0.280,0.286
1815,145.784,0.279,0.286
1816,144.952,0.278,0.285
1817,147.519,0.283,0.284
1818,146.171,0.280,0.285
1819,146.504,0.281,0.284
1820,146.982,0.282,0.284
1821,144.745,0.277,0.288
1822,146.187,0.280,0.286
1823,146.267,0.280,0.285
1824,144.798,0.278,0.284
1825,145.809,0.280,0.285
1826,144.886,0.278,0.286
1827,145.820,0.280,0.285
1828,145.717,0.279,0.285
1829,146.007,0.280,0.287
1830,145.836,0.280,0.284
1831,145.910,0.280,0.285
1832,145.333,0.279,0.285
1833,145.306,0.279,0.285
1834,144.736,0.277,0.288
1835,145.704,0.279,0.286
1836,145.981,0.280,0.286
1837,146.069,0.280,0.285
1838,145.307,0.278,0.286
1839,146.134,0.280,0.286
1840,146.558,0.281,0.288
1841,145.510,0.279,0.286
1842,146.118,0.280,0.287
1843,144.805,0.277,0.287
1844,146.206,0.280,0.286
1845,145.726,0.279,0.287
1846,145.626,0.279,0.286
1847,145.227,0.278,0.287
1848,146.398,0.281,0.284
1849,145.251,0.278,0.285
1850,145.359,0.279,0.284
1851,145.743,0.279,0.285
1852,147.463,0.283,0.284
1853,145.815,0.280,0.286
1854,145.960,0.280,0.286
1855,144.452,0.277,0.289
1856,145.936,0.280,0.285
1857,145.851,0.280,0.287
1858,145.595,0.279,0.287
1859,145.683,0.279,0.285
1860,145.011,0.278,0.285
1861,144.612,0.277,0.286
1862,145.068,0.278,0.285
1863,145.227,0.278,0.288
1864,146.453,0.281,0.286
1865,145.536,0.279,0.287
1866,145.240,0.278,0.285
1867,144.917,0.278,0.284
1868,144.584,0.277,0.283
1869,145.320,0.278,0.287
1870,144.698,0.277,0.287
1871,146.074,0.280,0.286
1872,145.210,0.278,0.285
1873,145.760,0.279,0.285
1874,145.423,0.279,0.285
1875,144.885,0.278,0.286
1876,144.607,0.277,0.287
1877,144.828,0.277,0.286
1878,144.763,0.277,0.285
1879,145.468,0.279,0.286
1880,145.131,0.278,0.285
1881,145.639,0.279,0.286
1882,145.895,0.280,0.286
1883,145.323,0.278,0.287
1884,145.828,0.279,0.286
1885,145.516,0.279,0.285
1886,145.916,0.280,0.286
1887,145.306,0.278,0.287
1888,144.824,0.277,0.286
1889,145.498,0.279,0.288
1890,144.327,0.276,0.285
1891,144.437,0.277,0.286
1892,146.012,0.280,0.286
1893,146.217,0.280,0.287
1894,145.618,0.279,0.285
1895,145.805,0.280,0.285
1896,144.539,0.277,0.286
1897,144.315,0.276,0.288
1898,145.232,0.278,0.287
1899,145.074,0.278,0.286
1900,145.803,0.280,0.285
1901,145.634,0.279,0.286
1902,146.470,0.281,0.283
1903,144.768,0.277,0.285
1904,145.396,0.279,0.285
1905,145.089,0.278,0.285
1906,145.566,0.279,0.286
1907,144.975,0.278,0.287
1908,145.443,0.279,0.288
1909,144.703,0.277,0.285
1910,145.548,0.279,0.285
1911,145.671,0.279,0.285
1912,146.985,0.282,0.284
1913,145.479,0.279,0.283
1914,144.708,0.277,0.286
1915,144.811,0.277,0.285
1916,143.589,0.275,0.286
1917,145.235,0.278,0.285
1918,145.113,0.278,0.284
1919,145.109,0.278,0.286
1920,144.256,0.276,0.285
1921,145.310,0.278,0.287
1922,145.569,0.279,0.286
1923,145.606,0.279,0.287
1924,146.391,0.281,0.285
1925,144.906,0.278,0.285
1926,144.549,0.277,0.288
1927,145.919,0.280,0.287
1928,145.455,0.279,0.286
1929,145.527,0.279,0.286
1930,145.570,0.279,0.287
1931,145.168,0.278,0.287
1932,145.026,0.278,0.288
1933,145.357,0.279,0.286
1934,145.502,0.279,0.286
1935,145.206,0.278,0.287
1936,144.472,0.277,0.288
1937,145.937,0.280,0.287
1938,144.931,0.278,0.286
1939,144.755,0.277,0.286
1940,145.287,0.278,0.286
1941,144.033,0.276,0.285
1942,145.335,0.278,0.286
1943,145.033,0.278,0.286
1944,144.998,0.278,0.286
1945,146.229,0.280,0.285
1946,146.731,0.281,0.286
1947,145.437,0.279,0.287
1948,144.662,0.277,0.287
1949,145.577,0.279,0.287
1950,145.720,0.279,0.288
1951,145.751,0.279,0.288
1952,145.099,0.278,0.286
1953,144.824,0.277,0.286
1954,145.802,0.280,0.284
1955,144.812,0.277,0.286
1956,145.300,0.278,0.287
1957,145.211,0.278,0.286
1958,144.984,0.278,0.288
1959,145.763,0.279,0.288
1960,146.004,0.280,0.288
1961,144.523,0.277,0.288
1962,144.398,0.277,0.287
1963,145.227,0.278,0.286
1964,144.790,0.277,0.285
1965,144.932,0.278,0.286
1966,145.167,0.278,0.286
1967,144.274,0.276,0.285
1968,144.375,0.277,0.285
1969,144.754,0.277,0.286
1970,144.078,0.276,0.286
1971,146.067,0.280,0.286
1972,145.126,0.278,0.286
1973,145.062,0.278,0.284
1974,145.062,0.278,0.287
1975,144.086,0.276,0.286
1976,144.144,0.276,0.285
1977,146.049,0.280,0.284
1978,143.873,0.276,0.284
1979,144.751,0.277,0.285
1980,146.088,0.280,0.288
1981,145.292,0.278,0.287
1982,145.259,0.278,0.286
1983,144.694,0.277,0.286
1984,145.333,0.279,0.285
1985,145.016,0.278,0.285
1986,144.670,0.277,0.286
1987,144.837,0.277,0.287
1988,144.437,0.277,0.284
1989,144.471,0.277,0.285
1990,145.745,0.279,0.286
1991,145.351,0.279,0.286
1992,145.301,0.279,0.284
1993,145.203,0.278,0.285
1994,144.440,0.277,0.284
1995,145.103,0.278,0.286
1996,144.641,0.277,0.285
1997,145.648,0.279,0.286
1998,145.240,0.278,0.286
1999,144.574,0.277,0.287
2000,145.100,0.278,0.286
